<?xml version="1.0"?>
<data grt_format="2.0">
  <value _ptr_="0x6000021d7b40" type="list" content-type="object" content-struct-name="db.mgmt.Connection">
    <value type="object" struct-name="db.mgmt.Connection" id="250D0CE3-41AE-4D05-8671-539FD7BE1E93" struct-checksum="0x96ba47d8">
      <link type="object" struct-name="db.mgmt.Driver" key="driver">com.mysql.rdbms.mysql.driver.native</link>
      <value type="string" key="hostIdentifier">Mysql@localhost:3306</value>
      <value type="int" key="isDefault">1</value>
      <value _ptr_="0x6000020c8a80" type="dict" key="modules"/>
      <value _ptr_="0x6000020c8a20" type="dict" key="parameterValues">
        <value type="string" key="DbSqlEditor:LastDefaultSchema">biblioteca</value>
        <value type="string" key="SQL_MODE"></value>
        <value type="string" key="hostName">localhost</value>
        <value type="int" key="lastConnected">1615865640</value>
        <value type="string" key="password"></value>
        <value type="int" key="port">3306</value>
        <value type="string" key="schema"></value>
        <value type="string" key="serverVersion">8.0.23</value>
        <value type="string" key="sslCA"></value>
        <value type="string" key="sslCert"></value>
        <value type="string" key="sslCipher"></value>
        <value type="string" key="sslKey"></value>
        <value type="int" key="useSSL">1</value>
        <value type="string" key="userName">root</value>
      </value>
      <value type="string" key="name">Local instance 3306</value>
      <link type="object" struct-name="GrtObject" key="owner">E2B20054-FA4C-44DC-993E-9D27EFEE1957</link>
    </value>
  </value>
</data>
