<?xml version="1.0"?>
<data grt_format="2.0">
  <value _ptr_="0x6000021d7ba0" type="list" content-type="object" content-struct-name="db.mgmt.ServerInstance">
    <value type="object" struct-name="db.mgmt.ServerInstance" id="423EA86B-6035-408D-AADC-5B7CBF090EA5" struct-checksum="0x367436e2">
      <link type="object" struct-name="db.mgmt.Connection" key="connection">250D0CE3-41AE-4D05-8671-539FD7BE1E93</link>
      <value _ptr_="0x6000020c95c0" type="dict" key="loginInfo"/>
      <value _ptr_="0x6000020c9020" type="dict" key="serverInfo">
        <value type="int" key="setupPending">1</value>
        <value type="string" key="sys.config.path"></value>
        <value type="string" key="sys.config.section">mysqld</value>
        <value type="string" key="sys.preset">Custom</value>
        <value type="string" key="sys.system">macOS</value>
      </value>
      <value type="string" key="name">Local 3306</value>
    </value>
  </value>
</data>
